{"cameraMode":{"drawMode":0,"name":"Shaded","section":"Shading Mode"},"sceneLighting":false,"audioPlay":false,"sceneViewState":{"showFog":true,"showMaterialUpdate":false,"showSkybox":false,"showFlares":true,"showImageEffects":true,"showParticleSystems":true},"in2DMode":false,"pivot":{"x":960.0418701171875,"y":542.8493041992188,"z":6.1570024490356449},"rotation":{"x":0.0035914555191993715,"y":-0.0065516396425664429,"z":0.0001998788648052141,"w":-1.0001256465911866},"size":12.982890129089356,"orthographic":false}