{"cameraMode":{"drawMode":0,"name":"Shaded","section":"Shading Mode"},"sceneLighting":false,"audioPlay":false,"sceneViewState":{"showFog":true,"showMaterialUpdate":false,"showSkybox":false,"showFlares":true,"showImageEffects":true,"showParticleSystems":true},"in2DMode":false,"pivot":{"x":933.0469970703125,"y":553.3799438476563,"z":358.7779541015625},"rotation":{"x":0.014979781582951546,"y":0.03688468784093857,"z":0.0005530291236937046,"w":-0.9992110729217529},"size":365.3362121582031,"orthographic":false}