{"cameraMode":{"drawMode":0,"name":"Shaded","section":"Shading Mode"},"sceneLighting":false,"audioPlay":false,"sceneViewState":{"showFog":true,"showMaterialUpdate":false,"showSkybox":false,"showFlares":true,"showImageEffects":true,"showParticleSystems":true},"in2DMode":false,"pivot":{"x":958.4634399414063,"y":542.9188842773438,"z":-4.772204399108887},"rotation":{"x":0.002361310413107276,"y":0.15447790920734406,"z":0.00036812847247347236,"w":-0.9880080819129944},"size":0.2128208577632904,"orthographic":false}